<?xml version="1.0" encoding="UTF-8"?>
<!DOCTYPE mapper PUBLIC "-//mybatis.org//DTD Mapper 3.0//EN" "http://mybatis.org/dtd/mybatis-3-mapper.dtd">

<mapper namespace="yozi.mall.member.dao.MemberCollectSpuDao">

	<!-- 可根据自己的需求，是否要使用 -->
    <resultMap type="yozi.mall.member.entity.MemberCollectSpuEntity" id="memberCollectSpuMap">
        <result property="id" column="id"/>
        <result property="memberId" column="member_id"/>
        <result property="spuId" column="spu_id"/>
        <result property="spuName" column="spu_name"/>
        <result property="spuImg" column="spu_img"/>
        <result property="createTime" column="create_time"/>
    </resultMap>


</mapper>